HorizonSize,NbrIterationsToConvergence,PerformanceMeasure
100,27.192782819707062,40.698703537072184
250,26.86459414875727,40.60816246663285
