Ref point ,Scheme  ,Nbr iterations to convergence ,Performance measure ,Average Sensitivities Computation time ,Std err Sensitivities Computation time ,Average Condensation time ,Std err Condensation time ,Average Solving time ,Std err Solving time
        1 ,rrlb    ,                           76 ,1569.2039250508067  ,                    70.29463115491365  ,                    2.900787864450213  ,       60.84648558967992  ,       2.041773325303999  ,  0.7685610263157894 , 0.0652305412535888
        1 ,reg     ,                          153 ,1961.6878112880984  ,                    41.10356561498704  ,                    1.5160381927317155 ,       56.93122764038884  ,       2.1078358483924347 ,  0.5397210849673203 , 0.31158172242192106
        1 ,infhorz ,                              ,1412.65             ,                                       ,                                       ,                          ,                          ,                     ,
        2 ,rrlb    ,                           60 , 168.41385142590744 ,                    70.43023506800334  ,                    4.446502745521021  ,       60.881547133127846 ,       5.849340729469996  ,  0.75452535         , 0.06258797420320324
        2 ,reg     ,                          251 , 359.98367918834987 ,                    41.510952421393526 ,                    2.057665135217315  ,       57.350239430765704 ,       3.7686590464517793 ,  1.0426172948207173 , 0.1726801047409093
        2 ,infhorz ,                              , 144.5              ,                                       ,                                       ,                          ,                          ,                     ,
        3 ,rrlb    ,                           73 ,  40.34585618949416 ,                    71.24787813996616  ,                    4.697119370022156  ,       61.17687813223225  ,       4.741804208827495  ,  0.7726747534246575 , 0.07376865409234966
        3 ,reg     ,                          251 ,  85.349966696249   ,                    41.0031483942769   ,                    1.5599788833438097 ,       56.28266372528684  ,       1.8866800135959705 ,  1.0224027011952193 , 0.12536682463607757
        3 ,infhorz ,                              ,  34.0852           ,                                       ,                                       ,                          ,                          ,                     ,
